<?xml version="1.0" encoding="UTF-8"?>

<!-- 2301019 
 *주석은 맨첫줄에 하면안됨 ,, 맨첫줄은 선언문 쓰는데임 
 *xml extensible Markup language  (확장가능한 마크업 언어 /사용자정의태그로구성가능 내가 태그를만든다 .. ? )
  - markup language : 정확하게 뭐지 markup 태그를 통해서 정보의 계층 구조를 표현하는 언어 
  - markdown은 <h1>dd</h1> 을 #dd 이런식으로 쓰고, <li>abc</li>를 *abc, 그런게 markdown임 
  - xml에서 문서상의 루트태그는 딱 하나여야 한다  <books myattr="hello"> 이거,,
  - < > &  xml예약어라서 데이터로 사용할수없다
  - xml상의 escaping : CDATA Section 
  - 시작 종료태그로 닫혀야한다 *<book subject="소설" title="해질무렵"> </book>  이렇게 안할려면 /> 한태그안에 이걸로 닫아야됨
  
  <![CDATA[JSP & Servlet]]>
  <![CDATA[ 문자 그대로 사용할 데이터를 여기다 쓴다 ]]>
  
   -->
<books id="books" myattr="hello">
	<book>
		<subject>소설</subject>
		<title>해질무렵</title>
		<author>황석영</author>
	</book>
	<book>
		<subject>소설</subject>
		<title>마션</title>
		<author>앤디위어</author>
	</book>
	<book>
		<subject>소설</subject>
		<title>어린왕자</title>
		<author>생떽쥐베리</author>
	</book>
	<book>
		<subject>소설</subject>
		<title>당신</title>
		<author>박범신</author>
	</book>
	<book>
		<subject>프로그래밍</subject>
		<title>Oracle</title>
		<author>이순신</author>
	</book>
	<book>
		<subject>프로그래밍</subject>
		<title>자바</title>
		<author>안중근</author>
	</book>
	<book>
		<subject>프로그래밍</subject>
		<!-- < > & xml예약어를 문자 그대로 사용하고자 할때, CDATA section tag를 사용 -->
		<title><![CDATA[JSP & Servlet]]></title>
		<author>세종대왕</author>
	</book>
</books>